parameter_name,unit_type,input_output,engine_aircraft,table_name,data_type,alias,creator,param_description,display_format,display_length,display_decimals,justification
ACTTIMH,MISCELLANEOUS,IN,AIRCRAFT,AIRCRAFT_INPUT,FLOAT,ACTTIMH,AIRLINE,A/C TOTAL TIME(HOURS/MIN),NONE,10,3,L
AGW,MASS (CONVERTED),IN,AIRCRAFT,AIRCRAFT_INPUT,FLOAT,ACTUAL_GROSS_WEIGHT,AIRLINE,ACTUAL GROSS WEIGHT (LB),NONE,10,3,L
AILTRIM,MISCELLANEOUS,IN,AIRCRAFT,AIRCRAFT_INPUT,FLOAT,AILTRIM,AIRLINE,AILERON TRIM (DEG),NONE,10,3,L
AIRID,MISCELLANEOUS,IN,AIRCRAFT,AIRCRAFT_INPUT,CHAR,AIRID,GECFMI,AIRCRAFT ID,NONE,10,3,L
ALLSAPL,MISCELLANEOUS,IN,AIRCRAFT,AIRCRAFT_INPUT,FLOAT,ALLSAPL,AIRLINE,ALL SPEED AILERON POS LH,NONE,10,3,L
ALLSAPR,MISCELLANEOUS,IN,AIRCRAFT,AIRCRAFT_INPUT,FLOAT,ALLSAPR,AIRLINE,ALL SPEED AILERON POS RH,NONE,10,3,L
ALT,MISCELLANEOUS,OUT,AIRCRAFT,ENGINE_RAW_OUTPUT,FLOAT,ALT,GECFMI,MEASURED ALTITUDE (FEET),NONE,10,3,L
ALTINER,MISCELLANEOUS,IN,AIRCRAFT,AIRCRAFT_INPUT,FLOAT,ALTINER,AIRLINE,INERTIAL ALTITUDE (FEET),NONE,10,3,L
APUOID,MISCELLANEOUS,IN,AIRCRAFT,AIRCRAFT_INPUT,INTEGER,APUOID,AIRLINE,APU ON IDENTIFIER,NONE,10,3,L
APUVALV,MISCELLANEOUS,IN,AIRCRAFT,AIRCRAFT_INPUT,INTEGER,APUVALV,AIRLINE,APU VALVE,NONE,10,3,L
AUTOP1,MISCELLANEOUS,IN,AIRCRAFT,AIRCRAFT_INPUT,INTEGER,AUTOP1,AIRLINE,AUTOPILOT 1 (ON-OFF),NONE,10,3,L
AUTOP2,MISCELLANEOUS,IN,AIRCRAFT,AIRCRAFT_INPUT,INTEGER,AUTOP2,AIRLINE,AUTOPILOT 2 (ON-OFF),NONE,10,3,L
AUTOP3,MISCELLANEOUS,IN,AIRCRAFT,AIRCRAFT_INPUT,INTEGER,AUTOP3,AIRLINE,AUTOPILOT 3 (ON-OFF),NONE,10,3,L
AVMALR,MISCELLANEOUS,IN,ENGINE,ENGINE_INPUT,INTEGER,AVMALR,AIRLINE,AVM ALERT,NONE,10,3,L
BRAT,MISCELLANEOUS,OUT,ENGINE,ENGINE_RAW_OUTPUT,FLOAT,BLEED_RATIO,GECFMI,BLEED RATIO,NONE,10,3,L
CAS,MISCELLANEOUS,IN,AIRCRAFT,AIRCRAFT_INPUT,FLOAT,COMPUTED_AIR_SPEED,GECFMI,COMPUTED AIR SPEED (KNOTS),NONE,10,3,L
CENGRAV,MISCELLANEOUS,IN,AIRCRAFT,AIRCRAFT_INPUT,FLOAT,CENGRAV,AIRLINE,CENTER OF GRAVITY (%MAC),NONE,10,3,L
CHANNEL,MISCELLANEOUS,IN,ENGINE,ENGINE_INPUT,CHAR,FADEC_CHANNEL,GECFMI,FADEC CHANNEL IN CONTROL,NONE,4,0,L
CITYPR,MISCELLANEOUS,IN,AIRCRAFT,AIRCRAFT_INPUT,CHAR,CITYPR,AIRLINE,CITY PAIR(IATA),NONE,10,3,L
COILCS,MISCELLANEOUS,IN,ENGINE,ENGINE_INPUT,FLOAT,COILCS,AIRLINE,CALCULATED OIL CONSUMPTION,NONE,10,3,L
COUNTER,MISCELLANEOUS,IN,AIRCRAFT,AIRCRAFT_INPUT,INTEGER,COUNTER,AIRLINE,COUNTER(KL-SUBFR CNT/LH-SEC),NONE,10,3,L
CSIND,MISCELLANEOUS,IN,AIRCRAFT,AIRCRAFT_INPUT,INTEGER,CSIND,AIRLINE,CHECK STATUS IND,NONE,10,3,L
CTANKQ,MISCELLANEOUS,IN,AIRCRAFT,AIRCRAFT_INPUT,FLOAT,CTANKQ,AIRLINE,CENTER TANK QUANTITY (KG),NONE,10,3,L
CYCLES,MISCELLANEOUS,IN,ENGINE,ENGINE_INPUT,INTEGER,CYCLES_SINCE_INSTALLED,GECFMI,CYCLES SINCE INSTALLED,NONE,10,3,L
DEDMIA,MISCELLANEOUS,IN,AIRCRAFT,AIRCRAFT_INPUT,FLOAT,DEDMIA,AIRLINE,DEDM INIT A (EGT DIVERGENCE),NONE,10,3,L
DEDMIB,MISCELLANEOUS,IN,AIRCRAFT,AIRCRAFT_INPUT,FLOAT,DEDMIB,AIRLINE,DEDM INIT B (EGT DIVERGENCE),NONE,10,3,L
DEDMIC,MISCELLANEOUS,IN,AIRCRAFT,AIRCRAFT_INPUT,FLOAT,DEDMIC,AIRLINE,DEDM INIT C (EGT DIVERGENCE),NONE,10,3,L
DEGT,MISCELLANEOUS,OUT,ENGINE,ENGINE_RAW_OUTPUT,FLOAT,EGT_DEVIATION,GECFMI,EGT DEVIATION FROM BASELINE,NONE,10,3,L
DEGT_A,MISCELLANEOUS,OUT,AIRCRAFT,AIRCRAFT_RAW_OUTPT,FLOAT,AVG_EGT_DEVIATION,DIVERGENCE,AVG EGT DEVIATION,NONE,10,3,L
DEGTCR,MISCELLANEOUS,OUT,ENGINE,ENGINE_RAW_OUTPUT,FLOAT,DEGTCR,AIRLINE,EGT MARGIN ADJUSTMENT,NONE,10,3,L
DEGT_D,MISCELLANEOUS,OUT,ENGINE,ENGINE_RAW_OUTPUT,FLOAT,DVG_EGT_DEVIATION,DIVERGENCE,DVG EGT DEVIATION,NONE,10,3,L
DELFN,MISCELLANEOUS,OUT,ENGINE,ENGINE_RAW_OUTPUT,FLOAT,THRUST_DERATE,GECFMI,THRUST DERATE,NONE,10,3,L
DELN1,MISCELLANEOUS,OUT,ENGINE,ENGINE_RAW_OUTPUT,FLOAT,FAN_SPEED_DERATE,GECFMI,FAN SPEED DERATE,NONE,10,3,L
DELTNA,MISCELLANEOUS,IN,AIRCRAFT,AIRCRAFT_INPUT,FLOAT,DELTNA,AIRLINE,DELTA NACELLE TMP A (TN DIV),NONE,10,3,L
DELTNB,MISCELLANEOUS,IN,AIRCRAFT,AIRCRAFT_INPUT,FLOAT,DELTNB,AIRLINE,DELTA NACELLE TMP B (TN DIV),NONE,10,3,L
DELTNC,MISCELLANEOUS,IN,AIRCRAFT,AIRCRAFT_INPUT,FLOAT,DELTNC,AIRLINE,DELTA NACELLE TMP C (TN DIV),NONE,10,3,L
DELVBV,MISCELLANEOUS,OUT,ENGINE,ENGINE_RAW_OUTPUT,FLOAT,VBV_DEVIATION_FROM_SCHED,GECFMI,VARIABLE BLEED VALVE DEVIATION FROM NOMINAL,NONE,10,3,L
DELVSV,MISCELLANEOUS,OUT,ENGINE,ENGINE_RAW_OUTPUT,FLOAT,VSV_DEVIATION_FROM_SCHED,GECFMI,VARIABLE STATOR VANE DEVIATION FROM NOMINAL,NONE,10,3,L
DELWBE,MISCELLANEOUS,OUT,ENGINE,ENGINE_RAW_OUTPUT,FLOAT,DELWBE,GECFMI,DELTA BETWEEN MEAS AND NOM,NONE,10,3,L
DEPART,MISCELLANEOUS,IN,AIRCRAFT,AIRCRAFT_INPUT,CHAR,DEPARTURE_AIRPORT,AIRLINE,DEPARTURE AIRPORT,NONE,10,0,L
DESTIN,MISCELLANEOUS,IN,AIRCRAFT,AIRCRAFT_INPUT,CHAR,DESTINATION_AIRPORT,AIRLINE,DESTINATION AIRPORT,NONE,10,0,L
DEWPT,MISCELLANEOUS,IN,AIRCRAFT,AIRCRAFT_INPUT,FLOAT,DEWPT,AIRLINE,DEW POINT (DEG C),NONE,10,3,L
DIRLAT,MISCELLANEOUS,IN,AIRCRAFT,AIRCRAFT_INPUT,CHAR,DIRLAT,AIRLINE,LATERAL DIRECTION,NONE,10,3,L
DIRLON,MISCELLANEOUS,IN,AIRCRAFT,AIRCRAFT_INPUT,CHAR,DIRLON,AIRLINE,LONGITUDINAL DIRECTION,NONE,10,3,L
DMSCHIP,MISCELLANEOUS,IN,ENGINE,ENGINE_INPUT,FLOAT,DMS_CHIP_COUNT_(TOTAL),GECFMI,DMS_CHIP_COUNT_(TOTAL),NONE,10,0,L
DMUFH,MISCELLANEOUS,IN,AIRCRAFT,AIRCRAFT_INPUT,INTEGER,DMUFH,AIRLINE,DMU FLIGHT HOURS,NONE,10,3,L
DN1TO,MISCELLANEOUS,IN,ENGINE,ENGINE_INPUT,INTEGER,DN1TO,AIRLINE,T/O DELTA N1 SUMMARY,NONE,10,3,L
DPOIL,MISCELLANEOUS,OUT,ENGINE,ENGINE_RAW_OUTPUT,FLOAT,DELTA_OIL_PRESSURE,GECFMI,DELTA OIL PRESSURE,NONE,10,3,L
DQNUM,MISCELLANEOUS,IN,AIRCRAFT,AIRCRAFT_INPUT,INTEGER,DQNUM,AIRLINE,DATA QUALITY NO,NONE,10,3,L
DRLP49,MISCELLANEOUS,IN,ENGINE,ENGINE_INPUT,FLOAT,DRLP49,AIRLINE,P49 DECAY RATE LIMIT,NONE,10,3,L
DRLPS3,MISCELLANEOUS,IN,ENGINE,ENGINE_INPUT,FLOAT,DRLPS3,AIRLINE,PS3 DECAY RATE LIMIT,NONE,10,3,L
DTDNG,MISCELLANEOUS,IN,ENGINE,ENGINE_INPUT,FLOAT,DTDNG,AIRLINE,DIVERGENCE EGT OR TN (DEG C),NONE,10,3,L
EGTC,MISCELLANEOUS,OUT,ENGINE,ENGINE_RAW_OUTPUT,FLOAT,EGTC,GECFMI,BASELINE EGT VALUE,NONE,10,3,L
EGTCRM,MISCELLANEOUS,OUT,ENGINE,ENGINE_RAW_OUTPUT,FLOAT,EGTCRM,AIRLINE,EGT MARGIN WITHOUT ADJ,NONE,10,3,L
EGTDIV,MISCELLANEOUS,IN,ENGINE,ENGINE_INPUT,FLOAT,EGTDIV,GECFMI,DMU RECORDED EGT DIVG.,NONE,10,3,L
EGTETM,MISCELLANEOUS,OUT,ENGINE,ENGINE_RAW_OUTPUT,FLOAT,EGT_MAXCON_MARGIN_CL,AIRLINE,EGT ETOPS MARGIN (DEG C),NONE,10,3,L
EGTHDM,MISCELLANEOUS,OUT,ENGINE,ENGINE_RAW_OUTPUT,FLOAT,EGT_HOT_DAY_MARGIN,GECFMI,EGT MARGIN WITH ADJUSTMENT,NONE,10,3,L
EGTHDM_A,MISCELLANEOUS,OUT,AIRCRAFT,AIRCRAFT_RAW_OUTPT,FLOAT,AVG_EGT_HOT_DAY_MARGIN,DIVERGENCE,AVG EGT MARGIN WITH ADJUSTMENT,NONE,10,3,L
EGTHDM_D,MISCELLANEOUS,OUT,ENGINE,ENGINE_RAW_OUTPUT,FLOAT,DVG_EGT_HOT_DAY_MARGIN,DIVERGENCE,DVG EGT MARGIN WITH ADJUSTMENT,NONE,10,3,L
EGTK,MISCELLANEOUS,OUT,ENGINE,ENGINE_RAW_OUTPUT,FLOAT,EGTK,GECFMI,EGT CORR TO TAMB(DEG K),NONE,10,3,L
EGTLMK,MISCELLANEOUS,OUT,ENGINE,ENGINE_RAW_OUTPUT,FLOAT,EGTLMK,GECFMI,EGT REDLINE LIMIT (DEG K),NONE,10,3,L
EGTMLN,MISCELLANEOUS,OUT,ENGINE,ENGINE_RAW_OUTPUT,FLOAT,EGT_STD_DAY_MARGIN,GECFMI,EGT MARGIN WITH ADJUSTMENT TO STANDARD DAY (LYNN),NONE,10,3,L
ELEVPOS,MISCELLANEOUS,IN,AIRCRAFT,AIRCRAFT_INPUT,FLOAT,ELEVPOS,AIRLINE,ELEVATOR POSITION (DEG),NONE,10,3,L
FDATE,MISCELLANEOUS,IN,AIRCRAFT,AIRCRAFT_INPUT,CHAR,FDATE,GECFMI,FLIGHT DATE/TIME,NONE,10,3,L
FHV,MISCELLANEOUS,OUT,ENGINE,ENGINE_RAW_OUTPUT,FLOAT,FHV,GECFMI,FUEL HEATING VALUE,NONE,10,3,L
FLAPP,MISCELLANEOUS,IN,AIRCRAFT,AIRCRAFT_INPUT,FLOAT,FLAPP,AIRLINE,FLAP POSITION (DEG),NONE,10,3,L
FLIGHTC,MISCELLANEOUS,IN,AIRCRAFT,AIRCRAFT_INPUT,INTEGER,FLIGHTC,AIRLINE,FLIGHT COUNT,NONE,10,3,L
FLIGHTM,MISCELLANEOUS,IN,AIRCRAFT,AIRCRAFT_INPUT,INTEGER,FLIGHTM,AIRLINE,FLIGHT MODE,NONE,10,3,L
FLIGHTN,MISCELLANEOUS,IN,AIRCRAFT,AIRCRAFT_INPUT,INTEGER,FLIGHTN,AIRLINE,FLIGHT NO,NONE,10,3,L
FNRATE,MISCELLANEOUS,OUT,ENGINE,ENGINE_RAW_OUTPUT,FLOAT,THRUST_RATING,GECFMI,THRUST RATING,NONE,10,3,L
FPACCE,MISCELLANEOUS,IN,AIRCRAFT,AIRCRAFT_INPUT,FLOAT,FPACCE,AIRLINE,FLIGHT PATH ACCELERATION (G),NONE,10,3,L
FPHASE,MISCELLANEOUS,IN,AIRCRAFT,AIRCRAFT_INPUT,CHAR,FPHASE,GECFMI,FLIGHT PHASE,NONE,10,3,L
GEGTMC,MISCELLANEOUS,OUT,ENGINE,ENGINE_RAW_OUTPUT,FLOAT,EGT_MAXCON_MARGIN_CR,GECFMI,EGT ETOPS MARGIN (DEG C) CR,NONE,10,3,L
GN2MC,MISCELLANEOUS,OUT,ENGINE,ENGINE_RAW_OUTPUT,FLOAT,N2_MAXCON_MARGIN_CR,GECFMI,N2 ETOPS MARGIN (%) CRUISE,NONE,10,3,L
GN2R,MISCELLANEOUS,OUT,ENGINE,ENGINE_RAW_OUTPUT,FLOAT,CORE_SPEED_DEV_FOR_CF34,GECFMI,CORE SPEED DEVIATION FOR CF34,NONE,10,3,L
GN2R_A,MISCELLANEOUS,OUT,AIRCRAFT,AIRCRAFT_RAW_OUTPT,FLOAT,AVG_CORE_SPEED_DEV_CF34,DIVERGENCE,AVG CORE SPEED DEVIATION FOR CF34,NONE,10,3,L
GN2R_D,MISCELLANEOUS,OUT,ENGINE,ENGINE_RAW_OUTPUT,FLOAT,DVG_CORE_SPEED_DEV_CF34,DIVERGENCE,DVG CORE SPEED DEVIATION FOR CF34,NONE,10,3,L
GPCN25,MISCELLANEOUS,OUT,ENGINE,ENGINE_RAW_OUTPUT,FLOAT,CORE_SPEED_DEVIATION,GECFMI,CORE SPEED DEVIATION FROM BASELINE,NONE,10,3,L
GPCN25_A,MISCELLANEOUS,OUT,AIRCRAFT,AIRCRAFT_RAW_OUTPT,FLOAT,AVG_CORE_SPEED_DEV,DIVERGENCE,AVG CORE SPEED DEVIATION,NONE,10,3,L
GPCN25_D,MISCELLANEOUS,OUT,ENGINE,ENGINE_RAW_OUTPUT,FLOAT,DVG_CORE_SPEED_DEV,DIVERGENCE,DVG CORE SPEED DEVIATION,NONE,10,3,L
GWFM,MISCELLANEOUS,OUT,ENGINE,ENGINE_RAW_OUTPUT,FLOAT,FUEL_FLOW_DEVIATION,GECFMI,FUEL FLOW DEVIATION FROM BASELINE,NONE,10,3,L
GWFM_A,MISCELLANEOUS,OUT,AIRCRAFT,AIRCRAFT_RAW_OUTPT,FLOAT,AVG_FUEL_FLOW_DEVIATION,DIVERGENCE,AVG FUEL FLOW DEVIATION,NONE,10,3,L
GWFM_D,MISCELLANEOUS,OUT,ENGINE,ENGINE_RAW_OUTPUT,FLOAT,DVG_FUEL_FLOW_DEVIATION,DIVERGENCE,DVG FUEL FLOW DEVIATION,NONE,10,3,L
GWFR,MISCELLANEOUS,OUT,ENGINE,ENGINE_RAW_OUTPUT,FLOAT,FUEL_FLOW_DEV_FOR_CF34,GECFMI,FUEL FLOW DEVIATION FOR CF34,NONE,10,3,L
GWFR_A,MISCELLANEOUS,OUT,AIRCRAFT,AIRCRAFT_RAW_OUTPT,FLOAT,AVG_FUEL_FLOW_DEV_CF34,DIVERGENCE,AVG FUEL FLOW DEVIATION FOR CF34,NONE,10,3,L
GWFR_D,MISCELLANEOUS,OUT,ENGINE,ENGINE_RAW_OUTPUT,FLOAT,DVG_FUEL_FLOW_DEV_CF34,DIVERGENCE,DVG FUEL FLOW DEVIATION FOR CF34,NONE,10,3,L
IADC1,MISCELLANEOUS,IN,AIRCRAFT,AIRCRAFT_INPUT,INTEGER,IADC1,AIRLINE,ADC 1 ERROR/FAULT,NONE,10,0,L
IADC2,MISCELLANEOUS,IN,AIRCRAFT,AIRCRAFT_INPUT,INTEGER,IADC2,AIRLINE,ADC 2 ERROR/FAULT,NONE,10,0,L
IADP1,DISCRETE,IN,AIRCRAFT,AIRCRAFT_INPUT,INTEGER,AIR_DRIVEN_PUMP_1,GECFMI,AIR DRIVEN PUMP 1 (ADP),NONE,10,0,L
IADP2,DISCRETE,IN,AIRCRAFT,AIRCRAFT_INPUT,INTEGER,AIR_DRIVEN_PUMP_2,GECFMI,AIR DRIVEN PUMP 2 (ADP),NONE,10,0,L
IAI,DISCRETE,IN,AIRCRAFT,AIRCRAFT_INPUT,INTEGER,WING_ANTI_ICE,GECFMI,WING A/I,NONE,10,0,L
IAIE,MISCELLANEOUS,OUT,ENGINE,ENGINE_RAW_OUTPUT,INTEGER,ENGINE_ANTI_ICE_SETTING,GECFMI,ENG ANTI-ICE SETTING,NONE,10,0,L
IAIE1,DISCRETE,IN,AIRCRAFT,AIRCRAFT_INPUT,INTEGER,NACELLE_ANTI_ICE_1,GECFMI,INLET A/I ENG 1,NONE,10,0,L
IAIE2,DISCRETE,IN,AIRCRAFT,AIRCRAFT_INPUT,INTEGER,NACELLE_ANTI_ICE_2,GECFMI,INLET A/I ENG 2,NONE,10,0,L
IAIE3,DISCRETE,IN,AIRCRAFT,AIRCRAFT_INPUT,INTEGER,NACELLE_ANTI_ICE_3,GECFMI,INLET A/I ENG 3,NONE,10,0,L
IAIE4,DISCRETE,IN,AIRCRAFT,AIRCRAFT_INPUT,INTEGER,NACELLE_ANTI_ICE_4,GECFMI,INLET A/I ENG 4,NONE,10,0,L
IAILA,DISCRETE,IN,AIRCRAFT,AIRCRAFT_INPUT,INTEGER,IAILA,GECFMI,WING A/I LH ALTERNATE,NONE,10,0,L
IAILN,DISCRETE,IN,AIRCRAFT,AIRCRAFT_INPUT,INTEGER,WING_ANTI_ICE_LEFT,GECFMI,WING A/I LH NORMAL,NONE,10,0,L
IAIRA,DISCRETE,IN,AIRCRAFT,AIRCRAFT_INPUT,INTEGER,IAIRA,GECFMI,WING A/I RH ALTERNATE,NONE,10,0,L
IAIRN,DISCRETE,IN,AIRCRAFT,AIRCRAFT_INPUT,INTEGER,WING_ANTI_ICE_RIGHT,GECFMI,WING A/I RH NORMAL,NONE,10,0,L
IAIWG,MISCELLANEOUS,OUT,ENGINE,ENGINE_RAW_OUTPUT,INTEGER,WING_ANTI_ICE_SETTING,GECFMI,WING ANTI-ICE SETTING,NONE,10,0,L
IALTFLG,MISCELLANEOUS,IN,AIRCRAFT,AIRCRAFT_INPUT,INTEGER,IALTFLG,AIRLINE,PALT FLAG (PRES ALTITUDE),NONE,10,0,L
IATS1,MISCELLANEOUS,IN,AIRCRAFT,AIRCRAFT_INPUT,INTEGER,AUTO_THROTTLE_SWITCH_1,AIRLINE,ATS 1 (AUTOTHROTTLE ON/OFF),NONE,10,0,L
IATS2,MISCELLANEOUS,IN,AIRCRAFT,AIRCRAFT_INPUT,INTEGER,AUTO_THROTTLE_SWITCH_2,AIRLINE,ATS 2 (AUTOTHROTTLE ON/OFF),NONE,10,0,L
IATSI,MISCELLANEOUS,IN,AIRCRAFT,AIRCRAFT_INPUT,INTEGER,AUTO_THROTTLE_SWITCH,AIRLINE,ATS (AUTOTHROTTLE ON/OFF),NONE,10,0,L
IAUX1,DISCRETE,IN,AIRCRAFT,AIRCRAFT_INPUT,INTEGER,AUXILIARY_BLEED_1,GECFMI,AUXILIARY BLEED 1 DISCRETE,NONE,10,0,L
IAUX2,DISCRETE,IN,AIRCRAFT,AIRCRAFT_INPUT,INTEGER,AUXILIARY_BLEED_2,GECFMI,AUXILIARY BLEED 2 DISCRETE,NONE,10,0,L
IB,MISCELLANEOUS,OUT,ENGINE,ENGINE_RAW_OUTPUT,INTEGER,ENG_BLEED_SETTING,GECFMI,ENG BLEED SETTING,NONE,10,0,L
IBCVD1,MISCELLANEOUS,IN,ENGINE,ENGINE_INPUT,INTEGER,IBCVD1,GECFMI,BORE COOL VLV#1 DEM CLOSED,NONE,10,0,L
IBCVD2,MISCELLANEOUS,IN,ENGINE,ENGINE_INPUT,INTEGER,IBCVD2,GECFMI,BORE COOL VLV#2 DEM CLOSED,NONE,10,0,L
IBCVD3,MISCELLANEOUS,IN,ENGINE,ENGINE_INPUT,INTEGER,IBCVD3,GECFMI,BORE COOL VLV#3 DEM CLOSED,NONE,10,0,L
IBE1,DISCRETE,IN,AIRCRAFT,AIRCRAFT_INPUT,INTEGER,ENGINE_BLEED_VALVE_1,GECFMI,ENG BLEED VALVE ENG 1,NONE,10,0,L
IBE2,DISCRETE,IN,AIRCRAFT,AIRCRAFT_INPUT,INTEGER,ENGINE_BLEED_VALVE_2,GECFMI,ENG BLEED VALVE ENG 2,NONE,10,0,L
IBE3,DISCRETE,IN,AIRCRAFT,AIRCRAFT_INPUT,INTEGER,ENGINE_BLEED_VALVE_3,GECFMI,ENG BLEED VALVE ENG 3,NONE,10,0,L
IBE4,DISCRETE,IN,AIRCRAFT,AIRCRAFT_INPUT,INTEGER,ENGINE_BLEED_VALVE_4,GECFMI,ENG BLEED VALVE ENG 4,NONE,10,0,L
IBP1,DISCRETE,IN,AIRCRAFT,AIRCRAFT_INPUT,INTEGER,ECS_PACK_VALVE_1,GECFMI,PACK VALVE 1,NONE,10,0,L
IBP2,DISCRETE,IN,AIRCRAFT,AIRCRAFT_INPUT,INTEGER,ECS_PACK_VALVE_2,GECFMI,PACK VALVE 2,NONE,10,0,L
IBP3,DISCRETE,IN,AIRCRAFT,AIRCRAFT_INPUT,INTEGER,ECS_PACK_VALVE_3,GECFMI,PACK VALVE 3,NONE,10,0,L
IBPE,MISCELLANEOUS,OUT,ENGINE,ENGINE_RAW_OUTPUT,INTEGER,IBPE,AIRLINE,ENG ECONOMY BLEED SETTING,NONE,10,0,L
IBPE1,DISCRETE,IN,AIRCRAFT,AIRCRAFT_INPUT,INTEGER,IBPE1,GECFMI,PACK HI - LOW 1,NONE,10,0,L
IBPE2,DISCRETE,IN,AIRCRAFT,AIRCRAFT_INPUT,INTEGER,IBPE2,GECFMI,PACK HI - LOW 2,NONE,10,0,L
IBPE3,DISCRETE,IN,AIRCRAFT,AIRCRAFT_INPUT,INTEGER,IBPE3,GECFMI,PACK HI - LOW 3,NONE,10,0,L
IBRCLV,MISCELLANEOUS,OUT,ENGINE,ENGINE_RAW_OUTPUT,INTEGER,IBRCLV,GECFMI,BORE COOLING VALVE DISCRETE,NONE,10,0,L
IBSV,MISCELLANEOUS,IN,ENGINE,ENGINE_INPUT,INTEGER,IBSV,GECFMI,BURNER STAGING VALVE,NONE,10,0,L
ICASFLG,MISCELLANEOUS,IN,AIRCRAFT,AIRCRAFT_INPUT,INTEGER,ICASFLG,AIRLINE,CAS FLAG (COMPUTED AIRSPEED),NONE,10,0,L
IESCVD,MISCELLANEOUS,IN,ENGINE,ENGINE_INPUT,INTEGER,IESCVD,GECFMI,ESCV CLOSED DEMAND,NONE,10,0,L
IESICK,MISCELLANEOUS,IN,ENGINE,ENGINE_INPUT,INTEGER,IESICK,AIRLINE,SICK ENG IND (FLAG),NONE,10,0,L
IESVAL,MISCELLANEOUS,IN,ENGINE,ENGINE_INPUT,INTEGER,IESVAL,AIRLINE,ENG START VALUE,NONE,10,0,L
IEXCD,MISCELLANEOUS,IN,ENGINE,ENGINE_INPUT,INTEGER,IEXCD,GECFMI,EXCEEDANCE IND,NONE,10,0,L
IGNITA,MISCELLANEOUS,IN,ENGINE,ENGINE_INPUT,INTEGER,IGNITA,AIRLINE,IGNITION A,NONE,10,0,L
IGNITB,MISCELLANEOUS,IN,ENGINE,ENGINE_INPUT,INTEGER,IGNITB,AIRLINE,IGNITION B,NONE,10,0,L
IGNSTA,MISCELLANEOUS,IN,ENGINE,ENGINE_INPUT,INTEGER,IGNSTA,AIRLINE,IGNITION START A,NONE,10,0,L
IGNSTB,MISCELLANEOUS,IN,ENGINE,ENGINE_INPUT,INTEGER,IGNSTB,AIRLINE,IGNITION START B,NONE,10,0,L
IHPSOV,MISCELLANEOUS,IN,ENGINE,ENGINE_INPUT,INTEGER,HP_BLEED_SHUTOFF_VALVE,GECFMI,HP-BLEED SHUTOFF VALVE POSITION,NONE,10,0,L
IHPSOV1,DISCRETE,IN,AIRCRAFT,AIRCRAFT_INPUT,INTEGER,HP_BLEED_SHUTOFF_VALVE_1,GECFMI,HP-BLEED SHUTOFF VALVE POSITION -ENG 1,NONE,10,0,L
IHPSOV2,DISCRETE,IN,AIRCRAFT,AIRCRAFT_INPUT,INTEGER,HP_BLEED_SHUTOFF_VALVE_2,GECFMI,HP-BLEED SHUTOFF VALVE POSITION -ENG 2,NONE,10,0,L
ILPTAC,MISCELLANEOUS,IN,ENGINE,ENGINE_INPUT,INTEGER,LPT_ACTIVE_CLEAR_(NORM),GECFMI,LPT ACTIVE CLEARANCE CNTL,NONE,10,0,L
IN1MOD,MISCELLANEOUS,IN,ENGINE,ENGINE_INPUT,INTEGER,IN1MOD,AIRLINE,N1 MODE ENGAGE,NONE,10,0,L
INDAOFA,MISCELLANEOUS,IN,AIRCRAFT,AIRCRAFT_INPUT,FLOAT,INDAOFA,AIRLINE,IND ANGLE OF ATTACK(DEG),NONE,10,0,L
IORIG,MISCELLANEOUS,IN,AIRCRAFT,AIRCRAFT_INPUT,CHAR,IORIG,AIRLINE,ORIGINATOR,NONE,10,0,L
IPMC,MISCELLANEOUS,OUT,ENGINE,ENGINE_RAW_OUTPUT,INTEGER,IPMC,GECFMI,ON/OFF DISCRETE FOR PMC,NONE,10,0,L
IRACC,MISCELLANEOUS,IN,ENGINE,ENGINE_INPUT,INTEGER,ROTOR_ACTIVE_CLEA_(NORM),GECFMI,HPC ROTOR BORE COOLING,NONE,10,0,L
ITANKQL,MISCELLANEOUS,IN,AIRCRAFT,AIRCRAFT_INPUT,FLOAT,ITANKQL,AIRLINE,INNER TANK QUANTITY LH (KG),NONE,10,0,L
ITANKQR,MISCELLANEOUS,IN,AIRCRAFT,AIRCRAFT_INPUT,FLOAT,ITANKQR,AIRLINE,INNER TANK QUANTITY RH (KG),NONE,10,0,L
ITATFLG,MISCELLANEOUS,IN,AIRCRAFT,AIRCRAFT_INPUT,INTEGER,ITATFLG,AIRLINE,TAT FLAG (TOTAL AIR TEMP),NONE,10,0,L
ITIMR,MISCELLANEOUS,OUT,ENGINE,ENGINE_RAW_OUTPUT,INTEGER,ITIMR,GECFMI,TCC TIMER,NONE,10,0,L
IVS12,DISCRETE,IN,AIRCRAFT,AIRCRAFT_INPUT,INTEGER,ISOLATION_VALVE_(LEFT),GECFMI,ISOLATION VALVE SWITCH 1-2,NONE,10,0,L
IVS13,DISCRETE,IN,AIRCRAFT,AIRCRAFT_INPUT,INTEGER,ISOLATION_VALVE_(RIGHT),GECFMI,ISOLATION VALVE SWITCH 1-3,NONE,10,0,L
IVS23,DISCRETE,IN,AIRCRAFT,AIRCRAFT_INPUT,INTEGER,ISOLATION_VALVE_(CENTER),GECFMI,ISOLATION VALVE SWITCH 2-3,NONE,10,0,L
IWFSOV,MISCELLANEOUS,IN,ENGINE,ENGINE_INPUT,INTEGER,IWFSOV,AIRLINE,FUEL SHUT OFF VALVE,NONE,10,0,L
IXMFLG,MISCELLANEOUS,IN,AIRCRAFT,AIRCRAFT_INPUT,INTEGER,IXMFLG,AIRLINE,MACH FLAG,NONE,10,0,L
LHARN,MISCELLANEOUS,IN,AIRCRAFT,AIRCRAFT_INPUT,INTEGER,LHARN,AIRLINE,LH AIDS REPORT NO,NONE,10,0,L
N1MOD,MISCELLANEOUS,IN,ENGINE,ENGINE_INPUT,INTEGER,N1_MODIFIER_LEVEL,GECFMI,N1 MODIFIER LEVEL,NONE,10,0,L
N1MODE,MISCELLANEOUS,IN,ENGINE,ENGINE_INPUT,INTEGER,N1MODE,AIRLINE,N1MODE,NONE,10,0,L
NACHAA,MISCELLANEOUS,IN,AIRCRAFT,AIRCRAFT_INPUT,INTEGER,NACHAA,AIRLINE,NACELLE HEAT INIT A LOOP A,NONE,10,0,L
NACHAB,MISCELLANEOUS,IN,AIRCRAFT,AIRCRAFT_INPUT,INTEGER,NACHAB,AIRLINE,NACELLE HEAT INIT A LOOP B,NONE,10,0,L
NACHAC,MISCELLANEOUS,IN,AIRCRAFT,AIRCRAFT_INPUT,INTEGER,NACHAC,AIRLINE,NACELLE HEAT INIT A LOOP C,NONE,10,0,L
NACHBA,MISCELLANEOUS,IN,AIRCRAFT,AIRCRAFT_INPUT,INTEGER,NACHBA,AIRLINE,NACELLE HEAT INIT B LOOP A,NONE,10,0,L
NACHBB,MISCELLANEOUS,IN,AIRCRAFT,AIRCRAFT_INPUT,INTEGER,NACHBB,AIRLINE,NACELLE HEAT INIT A LOOP B,NONE,10,0,L
NACHBC,MISCELLANEOUS,IN,AIRCRAFT,AIRCRAFT_INPUT,INTEGER,NACHBC,AIRLINE,NACELLE HEAT INIT A LOOP C,NONE,10,0,L
NCR,MISCELLANEOUS,OUT,ENGINE,ENGINE_RAW_OUTPUT,FLOAT,NCR,AIRLINE,CRUISE RDGS FOR DEGTCR CAL,NONE,10,0,L
NHEATA,MISCELLANEOUS,IN,ENGINE,ENGINE_INPUT,FLOAT,NHEATA,AIRLINE,NACELLE HEAT A,NONE,10,0,L
NHEATB,MISCELLANEOUS,IN,ENGINE,ENGINE_INPUT,FLOAT,NHEATB,AIRLINE,NACELLE HEAT B,NONE,10,0,L
NSI,MISCELLANEOUS,IN,ENGINE,ENGINE_INPUT,INTEGER,NSI,AIRLINE,NUMERICAL STATUS IND (ALERT),NONE,10,0,L
OAT,MISCELLANEOUS,OUT,AIRCRAFT,ENGINE_RAW_OUTPUT,FLOAT,OUTSIDE_AIR_TEMP_DEG-R,GECFMI,"OUTSIDE AIR TEMPERATURE, STATIC (DEG R)",NONE,10,3,L
OP-TIME,MISCELLANEOUS,IN,ENGINE,ENGINE_INPUT,FLOAT,ENG_OPERATING_TIME_(SEC),GECFMI,ENGINE OPERATING TIME FROM MDC REPORT (SEC),NONE,10,0,L
OTANKQL,MISCELLANEOUS,IN,AIRCRAFT,AIRCRAFT_INPUT,FLOAT,OTANKQL,AIRLINE,OUTER TANK QUANTITY LH (KG),NONE,10,3,L
OTANKQR,MISCELLANEOUS,IN,AIRCRAFT,AIRCRAFT_INPUT,FLOAT,OTANKQR,AIRLINE,OUTER TANK QUANTITY RH (KG),NONE,10,3,L
PALT,MISCELLANEOUS,OUT,AIRCRAFT,ENGINE_RAW_OUTPUT,FLOAT,PALT,GECFMI,ALTITUDE (FEET),NONE,10,3,L
PCN12,MISCELLANEOUS,OUT,ENGINE,ENGINE_RAW_OUTPUT,FLOAT,FAN_SPEED_(ACTUAL_CALC),GECFMI,PHYSICAL FAN SPEED (%),NONE,10,3,L
PCN12I,MISCELLANEOUS,OUT,ENGINE,ENGINE_RAW_OUTPUT,FLOAT,INDICATED_FAN_SPEED,GECFMI,INDICATED FAN SPEED (%),NONE,10,3,L
PCN12L,MISCELLANEOUS,IN,ENGINE,ENGINE_INPUT,FLOAT,PCN12L,AIRLINE,N1 LIMIT (%),NONE,10,3,L
PCN12R,MISCELLANEOUS,OUT,ENGINE,ENGINE_RAW_OUTPUT,FLOAT,CORRECTED_FAN_SPEED_2,GECFMI,CORRECTED FAN SPEED (%),NONE,10,3,L
PCN1AR,MISCELLANEOUS,OUT,ENGINE,ENGINE_RAW_OUTPUT,FLOAT,CORRECTED_FAN_SPEED_A,GECFMI,CORRECTED FAN SPEED (%),NONE,10,3,L
PCN1BR,MISCELLANEOUS,OUT,ENGINE,ENGINE_RAW_OUTPUT,FLOAT,PCN1BR,GECFMI,CORR FAN SPEED VARIABLE THET,NONE,10,3,L
PCN1K,MISCELLANEOUS,OUT,ENGINE,ENGINE_RAW_OUTPUT,FLOAT,CORRECTED_FAN_SPEED,GECFMI,CORRECTED FAN SPEED (%),NONE,10,3,L
PCN1TR,MISCELLANEOUS,OUT,ENGINE,ENGINE_RAW_OUTPUT,FLOAT,PCN1TR,GECFMI,CORR FAN SPEED VARIABLE THET,NONE,10,3,L
PCN25,MISCELLANEOUS,OUT,ENGINE,ENGINE_RAW_OUTPUT,FLOAT,PCN25,GECFMI,CYCLE CORE SPEED (%),NONE,10,3,L
PCN25N,MISCELLANEOUS,OUT,ENGINE,ENGINE_RAW_OUTPUT,FLOAT,PCN25N,GECFMI,CYC CORE SPD W/O VSV CORR,NONE,10,3,L
PCN2C,MISCELLANEOUS,OUT,ENGINE,ENGINE_RAW_OUTPUT,FLOAT,BASELINE_CORE_SPEED,GECFMI,BASELINE CORE SPEED,NONE,10,3,L
PCNRPM,MISCELLANEOUS,OUT,ENGINE,ENGINE_RAW_OUTPUT,FLOAT,PCNRPM,GECFMI,POWER MANAGEMENT FAN SPEED,NONE,10,3,L
PDUCT,MISCELLANEOUS,IN,ENGINE,ENGINE_INPUT,FLOAT,PDUCT,AIRLINE,DUCT PRESSURE,NONE,10,3,L
PDUCTI,MISCELLANEOUS,IN,ENGINE,ENGINE_INPUT,FLOAT,PDUCTI,AIRLINE,INITIAL DUCT PRESSURE (PSI),NONE,10,3,L
PIP_BLED,MISCELLANEOUS,OUT,ENGINE,ENGINE_RAW_OUTPUT,CHAR,PIP_FOR_BLEED,GECFMI,NAME OF PIP USED FOR BLEED FUNCTION,NONE,4,0,L
PIP_CLDR,MISCELLANEOUS,OUT,ENGINE,ENGINE_RAW_OUTPUT,CHAR,PIP_FOR_CLIMB_DERATE,GECFMI,NAME OF PIP USED FOR CLIMB DERATE FUNCTION,NONE,4,0,L
PIP_CLET,MISCELLANEOUS,OUT,ENGINE,ENGINE_RAW_OUTPUT,CHAR,PIP_FOR_CLIMB_ETOPS,GECFMI,NAME OF PIP USED FOR CLIMB ETOPS FUNCTION,NONE,4,0,L
PIP_DRAT,MISCELLANEOUS,OUT,ENGINE,ENGINE_RAW_OUTPUT,CHAR,PIP_FOR_DERATE,GECFMI,NAME OF PIP USED FOR TAKEOFF DERATE FUNCTION,NONE,4,0,L
PIP_DVSV,MISCELLANEOUS,OUT,ENGINE,ENGINE_RAW_OUTPUT,CHAR,PIP_FOR_DVSV,GECFMI,NAME OF PIP USED FOR VSV DEVIATION FUNCTION,NONE,4,0,L
PIP_ETOP,MISCELLANEOUS,OUT,ENGINE,ENGINE_RAW_OUTPUT,CHAR,PIP_FOR_ETOPS,GECFMI,NAME OF PIP USED FOR CRUISE ETOPS FUNCTION,NONE,4,0,L
PIP_OILM,MISCELLANEOUS,OUT,ENGINE,ENGINE_RAW_OUTPUT,CHAR,PIP_FOR_OILMON,GECFMI,NAME OF PIP USED FOR OIL MONITORING FUNCTION,NONE,4,0,L
PIP_PEM,MISCELLANEOUS,OUT,ENGINE,ENGINE_RAW_OUTPUT,CHAR,PIP_FOR_PEM,GECFMI,NAME OF PIP USED FOR CRUISE DEVIATIONS FUNCTION,NONE,4,0,L
PIP_SLTL,MISCELLANEOUS,OUT,ENGINE,ENGINE_RAW_OUTPUT,CHAR,PIP_FOR_SLOATL,GECFMI,NAME OF PIP USED FOR SLOATL/EGT MARGIN FUNCTION,NONE,4,0,L
PIP_VLCL,MISCELLANEOUS,OUT,ENGINE,ENGINE_RAW_OUTPUT,CHAR,PIP_FOR_VALID_CLIMB,GECFMI,NAME OF PIP USED FOR CLIMB VALIDATION FUNCTION,NONE,4,0,L
PIP_VLCR,MISCELLANEOUS,OUT,ENGINE,ENGINE_RAW_OUTPUT,CHAR,PIP_FOR_VALID_CRUISE,GECFMI,NAME OF PIP USED FOR CRUISE VALIDATION FUNCTION,NONE,4,0,L
PIP_VLTO,MISCELLANEOUS,OUT,ENGINE,ENGINE_RAW_OUTPUT,CHAR,PIP_FOR_VALID_TAKOFF,GECFMI,NAME OF PIP USED FOR TAKEOFF VALIDATION FUNCTION,NONE,4,0,L
PIP_XN1C,MISCELLANEOUS,OUT,ENGINE,ENGINE_RAW_OUTPUT,CHAR,PIP_FOR_XN1CAL,GECFMI,NAME OF PIP USED FOR ACTUAL/INDICATED N1 FUNCTION,NONE,4,0,L
PITCHA,MISCELLANEOUS,IN,AIRCRAFT,AIRCRAFT_INPUT,FLOAT,PITCHA,AIRLINE,PITCH ANGLE (DEG),NONE,10,3,L
PLIMIT,MISCELLANEOUS,IN,ENGINE,ENGINE_INPUT,FLOAT,PLIMIT,AIRLINE,PARAMETER LIMIT,NONE,10,3,L
PMCL,MISCELLANEOUS,IN,AIRCRAFT,AIRCRAFT_INPUT,INTEGER,PMCL,AIRLINE,PMC- LEFT (ON-OFF),NONE,10,3,L
PMCR,MISCELLANEOUS,IN,AIRCRAFT,AIRCRAFT_INPUT,INTEGER,PMCR,AIRLINE,PMC-RIGHT (ON-OFF),NONE,10,3,L
PMSENG,MISCELLANEOUS,IN,AIRCRAFT,AIRCRAFT_INPUT,INTEGER,PMSENG,AIRLINE,PMS ENGAGED,NONE,10,3,L
PN1RSL,MISCELLANEOUS,OUT,ENGINE,ENGINE_RAW_OUTPUT,FLOAT,PN1RSL,GECFMI,ADJ CORR FAN SPEED (%),NONE,10,3,L
PN25RS,MISCELLANEOUS,OUT,ENGINE,ENGINE_RAW_OUTPUT,FLOAT,PN25RS,GECFMI,CORRECTED CORE SPEED (%),NONE,10,3,L
PN2ETM,MISCELLANEOUS,OUT,ENGINE,ENGINE_RAW_OUTPUT,FLOAT,N2_MAXCON_MARGIN_CL,GECFMI,N2 ETOPS MARGIN (%),NONE,10,3,L
PN2MAR,MISCELLANEOUS,OUT,ENGINE,ENGINE_RAW_OUTPUT,FLOAT,CORE_SPEED_MARGIN,GECFMI,CORE SPEED MARGIN (%),NONE,10,3,L
PN2MAR_A,MISCELLANEOUS,OUT,AIRCRAFT,AIRCRAFT_RAW_OUTPT,FLOAT,AVG_CORE_SPEED_MARGIN,DIVERGENCE,AVG CORE SPEED MARGIN (%),NONE,10,3,L
PN2MAR_D,MISCELLANEOUS,OUT,ENGINE,ENGINE_RAW_OUTPUT,FLOAT,DVG_CORE_SPEED_MARGIN,DIVERGENCE,DVG CORE SPEED MARGIN (%),NONE,10,3,L
PN2REF,MISCELLANEOUS,OUT,ENGINE,ENGINE_RAW_OUTPUT,FLOAT,PN2REF,GECFMI,REF CORR CORE SPEED (%),NONE,10,3,L
POCTLAB,MISCELLANEOUS,IN,ENGINE,ENGINE_INPUT,INTEGER,POCTLAB,AIRLINE,PARAMETER OCTAL LABEL,NONE,10,3,L
POIL,MISCELLANEOUS,OUT,ENGINE,ENGINE_RAW_OUTPUT,FLOAT,REFERENCE_OIL_PRESSURE,GECFMI,REFERENCE OIL PRESSURE,NONE,10,3,L
POSLAT,MISCELLANEOUS,IN,AIRCRAFT,AIRCRAFT_INPUT,FLOAT,POSLAT,AIRLINE,LATERAL POSITION,NONE,10,3,L
POSLON,MISCELLANEOUS,IN,AIRCRAFT,AIRCRAFT_INPUT,FLOAT,POSLON,AIRLINE,LONGITUDINAL POSITION,NONE,10,3,L
PRMNAM,MISCELLANEOUS,IN,ENGINE,ENGINE_INPUT,CHAR,PRMNAM,AIRLINE,PARAMETER NAME CAUSING ALERT,NONE,10,3,L
PRMVAL,MISCELLANEOUS,IN,ENGINE,ENGINE_INPUT,FLOAT,PRMVAL,AIRLINE,PARAM VALUE CAUSING ALERT,NONE,10,3,L
PRV,MISCELLANEOUS,OUT,ENGINE,ENGINE_RAW_OUTPUT,FLOAT,PRV,GECFMI,PARAMETER REFERENCE VALUE,NONE,10,3,L
PRVI,MISCELLANEOUS,IN,ENGINE,ENGINE_INPUT,FLOAT,PRVI,GECFMI,PARAMETER REF VALUE,NONE,10,3,L
PV,MISCELLANEOUS,OUT,ENGINE,ENGINE_RAW_OUTPUT,FLOAT,PV,GECFMI,PEAK VALUE,NONE,10,3,L
PVI,MISCELLANEOUS,IN,ENGINE,ENGINE_INPUT,FLOAT,PVI,GECFMI,MAX VALUE,NONE,10,3,L
QUALITY,MISCELLANEOUS,IN,AIRCRAFT,AIRCRAFT_INPUT,FLOAT,QUALITY_RATING,GECFMI,QUALITY RATING - STABLE CRUISE,NONE,10,3,L
ROLLA,MISCELLANEOUS,IN,AIRCRAFT,AIRCRAFT_INPUT,FLOAT,ROLLA,AIRLINE,ROLL ANGLE (DEG),NONE,10,3,L
RUDPOS,MISCELLANEOUS,IN,AIRCRAFT,AIRCRAFT_INPUT,FLOAT,RUDPOS,AIRLINE,RUDDER POSITION (DEG),NONE,10,3,L
RUDTRIM,MISCELLANEOUS,IN,AIRCRAFT,AIRCRAFT_INPUT,FLOAT,RUDTRIM,AIRLINE,RUDDER TRIM (DEG),NONE,10,3,L
SAT,MISCELLANEOUS,IN,AIRCRAFT,AIRCRAFT_INPUT,FLOAT,STATIC_AIR_TEMPERATURE,AIRLINE,STATIC AIR TEMPERATURE (SAT),NONE,10,3,L
SIDESLA,MISCELLANEOUS,IN,AIRCRAFT,AIRCRAFT_INPUT,FLOAT,SIDESLA,AIRLINE,SIDE SLIP ANGLE (DEG),NONE,10,3,L
SLATP,MISCELLANEOUS,IN,AIRCRAFT,AIRCRAFT_INPUT,FLOAT,SLATP,AIRLINE,SLAT POSITION (DEG),NONE,10,3,L
SLOATL,MISCELLANEOUS,OUT,ENGINE,ENGINE_RAW_OUTPUT,FLOAT,SEA_LEVEL_OATL,GECFMI,SEA LEVEL OATL,NONE,10,3,L
SLOATL_A,MISCELLANEOUS,OUT,AIRCRAFT,AIRCRAFT_RAW_OUTPT,FLOAT,AVG_SEA_LEVEL_OATL,DIVERGENCE,AVG SEA LEVEL OATL,NONE,10,3,L
SLOATL_D,MISCELLANEOUS,OUT,ENGINE,ENGINE_RAW_OUTPUT,FLOAT,DVG_SEA_LEVEL_OATL,DIVERGENCE,DVG SEA LEVEL OATL,NONE,10,3,L
STABPOS,MISCELLANEOUS,IN,AIRCRAFT,AIRCRAFT_INPUT,FLOAT,STABPOS,AIRLINE,STAB POSITION (DEG),NONE,10,3,L
T1A,MISCELLANEOUS,OUT,AIRCRAFT,ENGINE_RAW_OUTPUT,FLOAT,T1A,GECFMI,INLET TOTAL AIR TEMP (DEG R),NONE,10,3,L
T49,MISCELLANEOUS,OUT,ENGINE,ENGINE_RAW_OUTPUT,FLOAT,T49,GECFMI,CYCLE MODEL PRED EGT TEMP,NONE,10,3,L
TAPENUM,MISCELLANEOUS,IN,AIRCRAFT,AIRCRAFT_INPUT,INTEGER,TAPENUM,AIRLINE,TAPE NO,NONE,10,3,L
TDUCT,MISCELLANEOUS,IN,ENGINE,ENGINE_INPUT,FLOAT,TDUCT,AIRLINE,DUCT TEMPERATURE (DEG C),NONE,10,3,L
TFUEL,MISCELLANEOUS,IN,ENGINE,ENGINE_INPUT,FLOAT,TFUEL,AIRLINE,TIME TO FUEL (SEC),NONE,10,3,L
TNCDIV,MISCELLANEOUS,IN,ENGINE,ENGINE_INPUT,FLOAT,TNCDIV,GECFMI,DMU RECORDED NACELLE DIVG.,NONE,10,3,L
TOTFUEL,MISCELLANEOUS,IN,AIRCRAFT,AIRCRAFT_INPUT,FLOAT,TOTFUEL,AIRLINE,TOTAL FUEL QUANTITY (KG),NONE,10,3,L
TOVRLIM,MISCELLANEOUS,IN,ENGINE,ENGINE_INPUT,FLOAT,TOVRLIM,AIRLINE,TIME OVER LIMIT (SEC),NONE,10,3,L
TRHEAD,MISCELLANEOUS,IN,AIRCRAFT,AIRCRAFT_INPUT,FLOAT,TRHEAD,AIRLINE,TRUE HEADING,NONE,10,3,L
TSI,MISCELLANEOUS,IN,ENGINE,ENGINE_INPUT,FLOAT,TIME_SINCE_INSTALLED,AIRLINE,TIME SINCE INSTALL(HRS/MIN),NONE,10,3,L
TSIH,MISCELLANEOUS,IN,ENGINE,ENGINE_INPUT,INTEGER,HOURS_SINCE_INSTALLED,GECFMI,HOURS SINCE INSTALLED (HRS),NONE,10,3,L
TTP,MISCELLANEOUS,OUT,ENGINE,ENGINE_RAW_OUTPUT,FLOAT,TTP,GECFMI,TIME TO PEAK,NONE,10,3,L
TTPI,MISCELLANEOUS,IN,ENGINE,ENGINE_INPUT,FLOAT,TTPI,GECFMI,TIME TO PEAK (SEC),NONE,10,3,L
UP3,MISCELLANEOUS,IN,ENGINE,ENGINE_INPUT,FLOAT,UP3,AIRLINE,DECAY RATE P3,NONE,10,3,L
UP49,MISCELLANEOUS,IN,ENGINE,ENGINE_INPUT,FLOAT,UP49,AIRLINE,DECAY RATE P49 (PSI/SEC),NONE,10,3,L
VBV,MISCELLANEOUS,OUT,ENGINE,ENGINE_RAW_OUTPUT,FLOAT,VBV,GECFMI,CONVERTED VBV POSITION,NONE,10,3,L
VBVNOM,MISCELLANEOUS,OUT,ENGINE,ENGINE_RAW_OUTPUT,FLOAT,VBVNOM,GECFMI,NOMINAL VBV POSITION,NONE,10,3,L
VELINER,MISCELLANEOUS,IN,AIRCRAFT,AIRCRAFT_INPUT,FLOAT,VELINER,AIRLINE,INERTIAL VERT VEL (FT/MIN),NONE,10,3,L
VIASE,MISCELLANEOUS,OUT,AIRCRAFT,ENGINE_RAW_OUTPUT,FLOAT,VIASE,GECFMI,INDICATED AIR SPEED,NONE,10,3,L
VSV,MISCELLANEOUS,OUT,ENGINE,ENGINE_RAW_OUTPUT,FLOAT,VSV,GECFMI,SCHEDULE VSV POSITION,NONE,10,3,L
VSVNOM,MISCELLANEOUS,OUT,ENGINE,ENGINE_RAW_OUTPUT,FLOAT,VSVNOM,GECFMI,SCHEDULE VSV POSITION,NONE,10,3,L
WBACP,MISCELLANEOUS,OUT,ENGINE,ENGINE_RAW_OUTPUT,FLOAT,WBACP,GECFMI,FLOW BASED ON DISCRETES,NONE,10,3,L
WBCAP,MISCELLANEOUS,OUT,ENGINE,ENGINE_RAW_OUTPUT,FLOAT,WBCAP,GECFMI,FLOW USED BY CYCLE MODEL,NONE,10,3,L
WBE,MISCELLANEOUS,OUT,ENGINE,ENGINE_RAW_OUTPUT,FLOAT,MEASURED_ENG_BLEED_FLOW,GECFMI,MEASURED ENGINE BLEED FLOW,NONE,10,3,L
WBI,MISCELLANEOUS,OUT,ENGINE,ENGINE_RAW_OUTPUT,FLOAT,ADJ_ENG_BLEED_SETTING,GECFMI,ENG BLEED SETTING FOR PEM,NONE,10,3,L
WBLMT,MISCELLANEOUS,OUT,ENGINE,ENGINE_RAW_OUTPUT,FLOAT,WBLMT,GECFMI,NOMINAL FLOW FOR WBE CHECK,NONE,10,3,L
WF36IN,MISCELLANEOUS,IN,ENGINE,ENGINE_INPUT,FLOAT,WF36IN,AIRLINE,INITIAL FUEL FLOW (LBS/HOURS),NONE,10,3,L
WFFB,MISCELLANEOUS,IN,ENGINE,ENGINE_INPUT,FLOAT,WFFB,AIRLINE,FUEL FLOW FEEDBACK (V/VREF),NONE,10,3,L
WFMP,MISCELLANEOUS,OUT,ENGINE,ENGINE_RAW_OUTPUT,FLOAT,BASELINE_FUEL_FLOW,GECFMI,BASELINE FUEL FLOW,NONE,10,3,L
WFREF,MISCELLANEOUS,OUT,ENGINE,ENGINE_RAW_OUTPUT,FLOAT,WFREF,GECFMI,REF CORR FUEL FLOW (PPH),NONE,10,3,L
WFRS,MISCELLANEOUS,OUT,ENGINE,ENGINE_RAW_OUTPUT,FLOAT,WFRS,GECFMI,CORRECTED FUEL FLOW (PPH),NONE,10,3,L
XM,MISCELLANEOUS,OUT,AIRCRAFT,ENGINE_RAW_OUTPUT,FLOAT,XM,GECFMI,MEASURED MACH NUMBER,NONE,10,3,L
XN12,MISCELLANEOUS,OUT,ENGINE,ENGINE_RAW_OUTPUT,FLOAT,XN12,GECFMI,PHYSICAL FAN SPEED (RPM),NONE,10,3,L
XN12DM,MISCELLANEOUS,IN,ENGINE,ENGINE_INPUT,FLOAT,XN12DM,AIRLINE,N1 COMMAND,NONE,10,3,L
XN12R,MISCELLANEOUS,OUT,ENGINE,ENGINE_RAW_OUTPUT,FLOAT,XN12R,GECFMI,CORRECTED FAN SPEED (RPM),NONE,10,3,L
XN25CR,MISCELLANEOUS,OUT,ENGINE,ENGINE_RAW_OUTPUT,FLOAT,XN25CR,GECFMI,CORR CORE SPD USED FOR CNTR,NONE,10,3,L
XN25R,MISCELLANEOUS,OUT,ENGINE,ENGINE_RAW_OUTPUT,FLOAT,XN25R,GECFMI,CYC CORE SPD CORR-HPC INLET,NONE,10,3,L
XN25R2,MISCELLANEOUS,OUT,ENGINE,ENGINE_RAW_OUTPUT,FLOAT,XN25R2,GECFMI,MEAS CORE SPD CORR-FAN INLE,NONE,10,3,L
XN25RS,MISCELLANEOUS,OUT,ENGINE,ENGINE_RAW_OUTPUT,FLOAT,XN25RS,GECFMI,MEAS CORE SPD CORR-HPC INLE,NONE,10,3,L
XN25SE,MISCELLANEOUS,OUT,ENGINE,ENGINE_RAW_OUTPUT,FLOAT,XN25SE,GECFMI,MEAS CORE SPEED,NONE,10,3,L
YAW,MISCELLANEOUS,IN,AIRCRAFT,AIRCRAFT_INPUT,FLOAT,YAW,AIRLINE,YAW RATE (DEG/SEC),NONE,10,3,L
ZALT,MISCELLANEOUS,IN,AIRCRAFT,AIRCRAFT_INPUT,FLOAT,ALTITUDE,GECFMI,PRESSURE ALTITUDE (FEET),NONE,10,3,L
ZCHIP,MISCELLANEOUS,IN,ENGINE,ENGINE_INPUT,FLOAT,CHIP_COUNT_TOTAL,GECFMI,DMS CHIP COUNT (TOTAL),NONE,10,0,L
ZDAMV,MISCELLANEOUS,IN,ENGINE,ENGINE_INPUT,FLOAT,DUAL_ANNULAR_MOD_VALVE,GECFMI,DUAL ANNULAR MODULAT VALVE,NONE,10,3,L
ZDELN1,MISCELLANEOUS,IN,ENGINE,ENGINE_INPUT,FLOAT,ZDELN1,GECFMI,N1 DERATE (%),NONE,10,3,L
ZEGT1,MISCELLANEOUS,IN,ENGINE,ENGINE_INPUT,FLOAT,T49_TC-INNER-UPPER_EGT1,GECFMI,EGT THERMOCOUPLE INNER-UPPER (GE90 - EGT1),NONE,10,3,L
ZEGT2,MISCELLANEOUS,IN,ENGINE,ENGINE_INPUT,FLOAT,T49_TC-INNER-LOWER_EGT2,GECFMI,EGT THERMOCOUPLE INNER-LOWER (GE90 - EGT2),NONE,10,3,L
ZEGT3,MISCELLANEOUS,IN,ENGINE,ENGINE_INPUT,FLOAT,T49-TC_OUTER-LOWER_EGT3,GECFMI,EGT THERMOCOUPLE OUTER-LOWER (GE90 - EGT3),NONE,10,3,L
ZEGT4,MISCELLANEOUS,IN,ENGINE,ENGINE_INPUT,FLOAT,T49_TC-OUTER-UPPER_EGT4,GECFMI,EGT THERMOCOUPLE OUTER-UPPER (GE90 - EGT4),NONE,10,3,L
ZEGTPH,MISCELLANEOUS,IN,ENGINE,ENGINE_INPUT,FLOAT,EGT_PYROMETER_HIGH_RANGE,GECFMI,EGT PYROMETER HIGH RANGE (GE90),NONE,10,3,L
ZEGTPL,MISCELLANEOUS,IN,ENGINE,ENGINE_INPUT,FLOAT,EGT_PYROMETER_LOW_RANGE,GECFMI,EGT PYROMETER LOW RANGE (GE90),NONE,10,3,L
ZEGTPYR,MISCELLANEOUS,IN,ENGINE,ENGINE_INPUT,FLOAT,EGT_PYROMETER,GECFMI,EGT PYROMETER AVERAGE (GE90),NONE,10,3,L
ZFHV,MISCELLANEOUS,IN,AIRCRAFT,AIRCRAFT_INPUT,FLOAT,FUEL_HEATING_VALUE,GECFMI,LOWER FUEL HEATING VALUE,NONE,10,3,L
ZFMV,MISCELLANEOUS,IN,ENGINE,ENGINE_INPUT,FLOAT,FUEL_METERING_VALVE,GECFMI,FUEL METERING VALVE POSITION,NONE,10,3,L
ZHPTAC,MISCELLANEOUS,IN,ENGINE,ENGINE_INPUT,FLOAT,HPT_ACTIVE_CLEARANCE,GECFMI,HPT ACTIVE CLEARANCE CNTL,NONE,10,3,L
ZLPTAC,MISCELLANEOUS,IN,ENGINE,ENGINE_INPUT,FLOAT,LPT_ACTIVE_CLEARANCE,GECFMI,LPT ACTIVE CLEARANCE CNTL,NONE,10,3,L
ZOAT,MISCELLANEOUS,IN,AIRCRAFT,AIRCRAFT_INPUT,FLOAT,OUTSIDE_AIR_TEMPERATURE,GECFMI,"OUTSIDE AIR TEMPERATURE, STATIC (DEG C)",NONE,10,3,L
ZOATSL,MISCELLANEOUS,IN,ENGINE,ENGINE_INPUT,FLOAT,RUNWAY_OAT_SET,GECFMI,OUTSIDE AIR TEMP ON RUNWAY / SET BY PILOT (DEG C),NONE,10,3,L
ZOFDP,MISCELLANEOUS,IN,ENGINE,ENGINE_INPUT,FLOAT,OIL_FILTER_DELTA_PRESSUR,GECFMI,OIL FILTER DELTA PRESSURE (PSI),NONE,10,3,L
ZP14,MISCELLANEOUS,IN,ENGINE,ENGINE_INPUT,FLOAT,ZP14,GECFMI,P14 (FAN DISCHARGE TOT PRES),NONE,10,3,L
ZP1A,MISCELLANEOUS,IN,ENGINE,ENGINE_INPUT,FLOAT,ZP1A,GECFMI,PT2 (FAN INLET TOT PRES),NONE,10,3,L
ZP25,MISCELLANEOUS,IN,ENGINE,ENGINE_INPUT,FLOAT,HPC_INLET_TOTL_PRES_PT25,GECFMI,HPC INLET TOTAL PRES (PSIA),NONE,10,3,L
ZP49,MISCELLANEOUS,IN,ENGINE,ENGINE_INPUT,FLOAT,ZP49,GECFMI,HPT DISCHARG TOT PRESS(PSIA),NONE,10,3,L
ZP495,MISCELLANEOUS,IN,ENGINE,ENGINE_INPUT,FLOAT,ZP495,GECFMI,P495 (LPT INTERSTAGE PRES),NONE,10,3,L
ZPCN12,MISCELLANEOUS,IN,ENGINE,ENGINE_INPUT,FLOAT,FAN_SPEED_(INDICATED),GECFMI,N1 INDICATED (%RPM),NONE,10,3,L
ZPCN25,MISCELLANEOUS,IN,ENGINE,ENGINE_INPUT,FLOAT,CORE_SPEED,GECFMI,N2 (HIGH SPEED ROTOR) (%RPM),NONE,10,3,L
ZPCN25_A,MISCELLANEOUS,OUT,AIRCRAFT,AIRCRAFT_RAW_OUTPT,FLOAT,AVG_CORE_SPEED,DIVERGENCE,AVG N2 (HIGH SPEED ROTOR) (%RPM),NONE,10,3,L
ZPCN25_D,MISCELLANEOUS,OUT,ENGINE,ENGINE_RAW_OUTPUT,FLOAT,DVG_CORE_SPEED,DIVERGENCE,DVG N2 (HIGH SPEED ROTOR) (%RPM),NONE,10,3,L
ZPHAS1,MISCELLANEOUS,IN,ENGINE,ENGINE_INPUT,FLOAT,PHASE_ANGLE_(TURBINE),GECFMI,PHASE ANGLE (TURBINE),NONE,10,3,L
ZPHASE,MISCELLANEOUS,IN,ENGINE,ENGINE_INPUT,FLOAT,PHASE_ANGLE_(FAN),GECFMI,PHASE ANGLE (FAN),NONE,10,3,L
ZPHSF,MISCELLANEOUS,IN,ENGINE,ENGINE_INPUT,FLOAT,PHASE_ANGLE_(FRONT),GECFMI,PHASE ANGLE (FRONT),NONE,10,3,L
ZPHSR,MISCELLANEOUS,IN,ENGINE,ENGINE_INPUT,FLOAT,PHASE_ANGLE_(REAR),GECFMI,PHASE ANGLE (REAR),NONE,10,3,L
ZPN12P,MISCELLANEOUS,IN,ENGINE,ENGINE_INPUT,FLOAT,FAN_SPEED_(ACTUAL),GECFMI,N1 ACTUAL (%),NONE,10,3,L
ZPN12R,MISCELLANEOUS,IN,ENGINE,ENGINE_INPUT,FLOAT,FAN_SPEED_(CORRECTED),GECFMI,CORRECTED N1 INPUT FROM FADEC (%RPM),NONE,10,3,L
ZPOIL,MISCELLANEOUS,IN,ENGINE,ENGINE_INPUT,FLOAT,OIL_PRESSURE,GECFMI,OIL PRESSURE (PSI),NONE,10,3,L
ZPS13,MISCELLANEOUS,IN,ENGINE,ENGINE_INPUT,FLOAT,ZPS13,GECFMI,PS13 (FAN OGV DISCHARGE),NONE,10,3,L
ZPS14,MISCELLANEOUS,IN,ENGINE,ENGINE_INPUT,FLOAT,ZPS14,GECFMI,FAN DISCHRG STAT PRESS(PSIA),NONE,10,3,L
ZPS1A,MISCELLANEOUS,IN,ENGINE,ENGINE_INPUT,FLOAT,ZPS1A,AIRLINE,AMBIENT PRESSURE,NONE,10,3,L
ZPS25,MISCELLANEOUS,IN,ENGINE,ENGINE_INPUT,FLOAT,ZPS25,GECFMI,PS25 (HPC INLET STATIC PRES),NONE,10,3,L
ZPS3,MISCELLANEOUS,IN,ENGINE,ENGINE_INPUT,FLOAT,HPC_DISCHA_STAT_PRES_PS3,GECFMI,HPC DISCHARG STAT PRES(PSIA),NONE,10,3,L
ZQOIL,MISCELLANEOUS,IN,ENGINE,ENGINE_INPUT,FLOAT,OIL_QUANTITY,GECFMI,OIL QUANTITY (US QUARTS),NONE,10,3,L
ZRACC,MISCELLANEOUS,IN,ENGINE,ENGINE_INPUT,FLOAT,ROTOR_ACTIVE_CLEARANCE,GECFMI,HPC ROTOR BORE COOLING,NONE,10,3,L
ZT1A,MISCELLANEOUS,IN,AIRCRAFT,AIRCRAFT_INPUT,FLOAT,TOTAL_AIR_TEMPERATURE,GECFMI,TOTAL AIR TEMP (DEG C),NONE,10,3,L
ZT1AB,MISCELLANEOUS,IN,ENGINE,ENGINE_INPUT,FLOAT,FAN_INLET_TEMP_(FADEC),GECFMI,FAN INLET TOTAL TEMPERATURE FROM FADEC (DEG C),NONE,10,3,L
ZT25,MISCELLANEOUS,IN,ENGINE,ENGINE_INPUT,FLOAT,HPC_INLET_TEMP_(T25),GECFMI,HPC INLET TOT TEMP(DEG C),NONE,10,3,L
ZT3,MISCELLANEOUS,IN,ENGINE,ENGINE_INPUT,FLOAT,HPC_DISCHARGE_TEMP_(T3),GECFMI,HPC DISCHARG TOT TEMP (DEG),NONE,10,3,L
ZT49,MISCELLANEOUS,IN,ENGINE,ENGINE_INPUT,FLOAT,EXHAUST_GAS_TEMP_(EGT),GECFMI,EGT-HPT DISCHRG TOT TMP(DEG),NONE,10,3,L
ZT49_A,MISCELLANEOUS,OUT,AIRCRAFT,AIRCRAFT_RAW_OUTPT,FLOAT,AVG_EGT,DIVERGENCE,AVG EGT-HPT DISCHRG TOT TMP(DEG),NONE,10,3,L
ZT49_D,MISCELLANEOUS,OUT,ENGINE,ENGINE_RAW_OUTPUT,FLOAT,DVG_EGT,DIVERGENCE,DVG EGT-HPT DISCHRG TOT TMP(DEG),NONE,10,3,L
ZT49TC,MISCELLANEOUS,IN,ENGINE,ENGINE_INPUT,FLOAT,T49TC_THERMOCOUPLE_(AVG),GECFMI,EGT -THERMOCOUPLE MEASUREMENT-AVERAGE (DEG) (GE90),NONE,10,3,L
ZT5,MISCELLANEOUS,IN,ENGINE,ENGINE_INPUT,FLOAT,ZT5,GECFMI,LPT DISCHARG TOT TEMP(DEG C),NONE,10,3,L
ZTAMB,MISCELLANEOUS,IN,ENGINE,ENGINE_INPUT,FLOAT,STATIC_AIR_TEMP_(DEG_R),GECFMI,STATIC AIR TEMPERATURE FROM FADEC (DEG R),NONE,10,3,L
ZTLA,MISCELLANEOUS,IN,ENGINE,ENGINE_INPUT,FLOAT,THROTTLE_LEVER_ANGLE,GECFMI,THROTTLE LEVER ANGLE(DEG),NONE,10,3,L
ZTLA_A,MISCELLANEOUS,OUT,AIRCRAFT,AIRCRAFT_RAW_OUTPT,FLOAT,AVG_THROTTLE_LEVER_ANGLE,DIVERGENCE,AVG THROTTLE LEVER ANGLE(DEG),NONE,10,3,L
ZTLA_D,MISCELLANEOUS,OUT,ENGINE,ENGINE_RAW_OUTPUT,FLOAT,DVG_THROTTLE_LEVER_ANGLE,DIVERGENCE,DVG THROTTLE LEVER ANGLE(DEG),NONE,10,3,L
ZTMC,MISCELLANEOUS,IN,ENGINE,ENGINE_INPUT,FLOAT,ZTMC,GECFMI,TORQUE MOTOR CURRENT (MA),NONE,10,3,L
ZTMCH,MISCELLANEOUS,IN,ENGINE,ENGINE_INPUT,FLOAT,ZTMCH,GECFMI,TMC MAXIMUM (INITIAL) (MA),NONE,10,3,L
ZTMCL,MISCELLANEOUS,IN,ENGINE,ENGINE_INPUT,FLOAT,ZTMCL,GECFMI,TMC MINIMUM (INITIAL) (MA),NONE,10,3,L
ZTNAC,MISCELLANEOUS,IN,ENGINE,ENGINE_INPUT,FLOAT,NACELLE_TEMPERATURE,GECFMI,NACELLE TEMP(DEG C),NONE,10,3,L
ZTNAC2,MISCELLANEOUS,IN,ENGINE,ENGINE_INPUT,FLOAT,NACELLE_TEMP_LOOP_2,GECFMI,NACELLE TEMPERATURE INDICATION - LOOP 2,NONE,10,3,L
ZTNAC2_A,MISCELLANEOUS,OUT,AIRCRAFT,AIRCRAFT_RAW_OUTPT,FLOAT,AVG_NACELLE_TEMP_LOOP_2,DIVERGENCE,AVG NACELLE TEMPERATURE INDICATION _ LOOP 2,NONE,10,3,L
ZTNAC2_D,MISCELLANEOUS,OUT,ENGINE,ENGINE_RAW_OUTPUT,FLOAT,DVG_NACELLE_TEMP_LOOP_2,DIVERGENCE,DVG NACELLE TEMPERATURE INDICATION _ LOOP 2,NONE,10,3,L
ZTNAC_A,MISCELLANEOUS,OUT,AIRCRAFT,AIRCRAFT_RAW_OUTPT,FLOAT,AVG_NACELLE_TEMPERATURE,DIVERGENCE,AVG NACELLE TEMP(DEG C),NONE,10,3,L
ZTNAC_D,MISCELLANEOUS,OUT,ENGINE,ENGINE_RAW_OUTPUT,FLOAT,DVG_NACELLE_TEMPERATURE,DIVERGENCE,DVG NACELLE TEMP(DEG C),NONE,10,3,L
ZTOIL,MISCELLANEOUS,IN,ENGINE,ENGINE_INPUT,FLOAT,OIL_TEMPERATURE,GECFMI,OIL TEMP (DEG C),NONE,10,3,L
ZVB1F,MISCELLANEOUS,IN,ENGINE,ENGINE_INPUT,FLOAT,FAN_VIB_(FAN_PICKUP),GECFMI,VIB FAN/LO SPD (FAN PICKUP),NONE,10,3,L
ZVB1R,MISCELLANEOUS,IN,ENGINE,ENGINE_INPUT,FLOAT,FAN_VIB_(REAR_PICKUP),GECFMI,VIB LPT/LOW SPD(REAR PICKUP),NONE,10,3,L
ZVB2F,MISCELLANEOUS,IN,ENGINE,ENGINE_INPUT,FLOAT,CORE_VIB_(FAN_PICKUP),GECFMI,VIB COR/HI SPD (FAN PICKUP),NONE,10,3,L
ZVB2R,MISCELLANEOUS,IN,ENGINE,ENGINE_INPUT,FLOAT,CORE_VIB_(REAR_PICKUP),GECFMI,VIB HPT/HI SPD (REAR PICKUP),NONE,10,3,L
ZVBN1,MISCELLANEOUS,IN,ENGINE,ENGINE_INPUT,FLOAT,N1_VIB_(FADEC_CONVERTED),GECFMI,N1 TRACKED (LP) VIBRATION (CONVERTED BY FADEC),NONE,10,3,L
ZVBN2,MISCELLANEOUS,IN,ENGINE,ENGINE_INPUT,FLOAT,N2_VIB_(FADEC_CONVERTED),GECFMI,N2 TRACKED (CORE) VIBRATION (CONVERTED BY FADEC),NONE,10,3,L
ZVBV,MISCELLANEOUS,IN,ENGINE,ENGINE_INPUT,FLOAT,VARIABLE_BLEED_VALVE_POS,GECFMI,VAR BLEED VALVE POS (VAR),NONE,10,3,L
ZVIAS,MISCELLANEOUS,IN,AIRCRAFT,AIRCRAFT_INPUT,FLOAT,INDICATED_AIR_SPEED,GECFMI,INDICATED_AIR_SPEED,NONE,10,3,L
ZVSV,MISCELLANEOUS,IN,ENGINE,ENGINE_INPUT,FLOAT,VARIABLE_STATOR_VANE_POS,GECFMI,VAR STATOR VANES POS (VAR),NONE,10,3,L
ZWBE1,MASS (CONVERTED),IN,AIRCRAFT,AIRCRAFT_INPUT,FLOAT,ENG_1_BLEED_FLOW_PER_SEC,GECFMI,ENGINE FLOW 1,NONE,10,3,L
ZWBE2,MASS (CONVERTED),IN,AIRCRAFT,AIRCRAFT_INPUT,FLOAT,ENG_2_BLEED_FLOW_PER_SEC,GECFMI,ENGINE FLOW 2,NONE,10,3,L
ZWBE3,MASS (CONVERTED),IN,AIRCRAFT,AIRCRAFT_INPUT,FLOAT,ENG_3_BLEED_FLOW_PER_SEC,GECFMI,ENGINE FLOW 3,NONE,10,3,L
ZWBE4,MASS (CONVERTED),IN,AIRCRAFT,AIRCRAFT_INPUT,FLOAT,ENG_4_BLEED_FLOW_PER_SEC,GECFMI,ENGINE FLOW 4,NONE,10,3,L
ZWBP1,MASS (CONVERTED),IN,AIRCRAFT,AIRCRAFT_INPUT,FLOAT,ECS_PACK_1_FLOW_PER_SEC,GECFMI,PACK FLOW 1,NONE,10,3,L
ZWBP1_8E,MASS (CONVERTED),IN,AIRCRAFT,AIRCRAFT_INPUT,FLOAT,ECS_PACK_1_FLOW_CF34_8E,GECFMI,CF34-8E PACK FLOW 1 - NOT USED BY BLEED ADJUSTMENT,NONE,10,3,L
ZWBP2,MASS (CONVERTED),IN,AIRCRAFT,AIRCRAFT_INPUT,FLOAT,ECS_PACK_2_FLOW_PER_SEC,GECFMI,PACK FLOW 2,NONE,10,3,L
ZWBP2_8E,MASS (CONVERTED),IN,AIRCRAFT,AIRCRAFT_INPUT,FLOAT,ECS_PACK_2_FLOW_CF34_8E,GECFMI,CF34-8E PACK FLOW 2 - NOT USED BY BLEED ADJUSTMENT,NONE,10,3,L
ZWBP3,MASS (CONVERTED),IN,AIRCRAFT,AIRCRAFT_INPUT,FLOAT,ECS_PACK_3_FLOW_PER_SEC,GECFMI,PACK FLOW 3,NONE,10,3,L
ZWF36,MASS (CONVERTED),IN,ENGINE,ENGINE_INPUT,FLOAT,FUEL_FLOW_(PER_HOUR),GECFMI,FUEL FLOW,NONE,10,3,L
ZWF36_A,MASS (CONVERTED),OUT,AIRCRAFT,AIRCRAFT_RAW_OUTPT,FLOAT,AVG_FUEL_FLOW,DIVERGENCE,AVG FUEL FLOW,NONE,10,3,L
ZWF36_D,MASS (CONVERTED),OUT,ENGINE,ENGINE_RAW_OUTPUT,FLOAT,DVG_FUEL_FLOW,DIVERGENCE,DVG FUEL FLOW,NONE,10,3,L
ZXM,MISCELLANEOUS,IN,AIRCRAFT,AIRCRAFT_INPUT,FLOAT,MACH,GECFMI,MACH,NONE,10,3,L
